appid,name
36900,Angle of Attack
36910,All Aspect Warfare
42147,Hamilton's Great Adventure - Retro Fever DLC
42900,Hearts of Iron III: Semper Fi
46840,Ironclads: Chincha Islands War 1866
71167,ToeJam & Earl in Panic on Funkotron
211208,VectorMan 2
285670,Galactic Command Echo Squad SE
325330,Muvee Reveal 11
353260,Snails
367040,InsanZ - Retro Survival Horror
389690,Nightclub Emporium
391410,"Rock, the Tree Hugger"
411860,Save the Creatures
431470,Inside The Code
467440,Insignificant
474880,Second Coming
494820,Acid Flip
523890,StarDrone VR
552480,Havoc Runner
588140,ESCAPE FROM VOYNA: Dead Forest
619610,Ultratank
650720,SlipDrive
657060,Himegimi Detective
661190,UNDEFINED
683840,Galaxia Conquestum
686290,RADical ROACH: Infinity
700880,Kingdom: The Far Reaches
707950,Tank Warz!
708590,Battle Master
717200,KEEPER- the hunter of insects
719300,Daemonsgate
719310,King's Table - The Legend of Ragnarok
738190,Morth
744610,TAD: That Alien Dude
745630,The redemption of pancakes
752060,Subwar 2050
768740,QuartoⒸ
773750,Danger Forever
774501,VR Soccer '96
780720,Undarkened: Revival
787580,10 Pin Bowling (VR Support)
793060,Starship
793250,Casino Poker
799340,Battle for Gaming
803940,Collapsion
817920,NO LOVE
827780,Margot's Word Brain
840940,Spirits of Metropolis: Legacy Edition
841790,Adventures in the Light & Dark
844350,Obscurity
850930,MODERN ROAD-LIKE
854510,Warlock: Tower Defence
860400,Unexpected Journey 奇幻之旅
861770,FrogStatue
863840,MinerXP
866340,Colonumbers
874780,Brick Breaker Premium
875780,Trivia King
875790,The Movie Trivia Challenge
877300,Liquid Sunshine
878310,Dishwasher
882860,Another Reigny Day
883390,Beyond the Mind
884630,Golden Fall
886450,Night of the Shrub Part 2
889990,RGBCELLS
891470,Falling Blocks
893120,Synthrun
894120,Ghostman: The Council Calamity
895210,On Board Remastered
895580,Yoga Lesson VR
904770,Divine Miracle Defense
905270,Merlin Soccer
906170,Metal Brigade Tactics
906480,Defenders of Ekron - Definitive Edition
907920,建筑大冒险 Architectural Adventure
908620,Manipulate: Sacrifice
916210,Fabrication
920580,Tanks With Hands: Armed and Treaded
921920,Robikon
923120,Food Bomber
927370,DoC God Mode Edition
931480,Lab Runner: X
936210,The Prometheus Secret Noohra
937360,Pantheon
937620,Zack Y
938360,The last soldier
943710,Arauco Saga - Rpg Action
945540,Knights of Riddle
946810,the Escape
947310,Wonderland Trails
949830,Shrines Of Sacred Essenсe
949930,HEAVEN AND HELL - the last war
951500,Poker Tower Defense
951920,Charlie's Conscious
952850,败家仔 Last Wish
953120,ADK
956430,Steampunk Graveyard
956590,Yet Another Snake Game
962170,Ultimate Legends
962650,Paroniria 梦缚
964050,"Turn the mirror, please."
967170,Drum Simulator
967180,Frozen Mystery
967210,Spark Five
971230,Daedalic Complex
972620,Gems Kingdom
974220,MEMORISE : CREATION
979550,Evolo.Mine
980600,Maze 4D
982010,ZDF History 360° – Tempelhof
982320,Battle of the Boros
984870,Tecroroid Assault
986320,AA Touch Gun!
989000,Ruthless Water
990110,87 Aftermath: A Rolling Ball Game
993860,圈圈工坊 OO.Inc
996170,Mage VR -Mini Version-
1001990,WARED
1008450,Maze Quest 2: The Desert
1008970,Cavyrn
1009030,Hello Emoji: Drawing to Solve Puzzles
1009230,live Mince
1010710,The Pack
1016350,Land of Dread
1016820,Miles of Cubes
1022040,Candy Mandy
1023020,Slime Crunch
1024150,Valentines Cafe
1025990,Human Cube
1027930,Keystones
1031230,Midnight's Curse
1033370,Fruit Crawler
1035410,xMoon
1036320,Once Upon A Death
1042900,Borderlight
1047340,TimeFall
1050170,Terramancer
1051220,busy spider
1055660,十日
1055870,Siberian Run VR
1059470,Wolfgate
1063070,Body Discovery
1064100,Krakout challenge
1064750,Space Tower
1064930,Divine D.I.V.A.
1068130,Hippo eating banana
1068300,Logitech VR Ink Driver
1070030,Under Stranger Stars
1071740,Pirates of First Star
1073960,Exemption
1076300,The Battles of Spwak
1078590,虚幻深渊 The Illusory abyss
1080090,Project ONe プロジェクト・ワン ～ハロルドはつらいよ～
1081320,Aura
1081720,Robo Run
1081960,Il Sole e la Luna
1082240,Taboos: Flower
1082700,Dinosaur Shakespeare: To Date or Not To Date?
1085840,World Leader Card Game
1086140,Weaving
1086220,rOt 3D
1086260,Deck Box Dungeons
1087310,DOOMTANK
1088110,Meowk and Frocco
1089520,Nigel: The Minuscule Adventure
1090490,Tiktalec And The Dino Moonbase
1093690,Couch Storm: Battle Royale
1094020,天下往事 Journey of the world
1098230,Eidolon adventure
1100500,Last Contingency
1101060,Lumen
1102210,The Legend of Viccess
1103040,Bepuzzled Space Jigsaw Puzzle
1104170,Cosmo Chaser
1108040,Bepuzzled Jigsaw Puzzle: Aquatic
1116300,Bounce
1119630,DarkFairyTales SleepingBeauty
1125980,VoxelSuite
1128200,Ginga Kagekidan - 放課後くるーずっ！
1128680,DOUBLE INVASION!!
1129200,Minesweep World
1129210,A Million Conquests
1129610,Book Seeker
1131230,Dominos!
1132850,Try not to die
1135560,The Thing at the Window
1136110,Hidden Objects - The Mystery House
1136870,Nibiru Voyage
1138150,Fiery catacombs
1140930,You are apt
1142440,Thanks For Listening
1142460,Super Monkey
1144900,Pension Day
1146120,DeepSea
1147200,SnL
1149630,Project: Gemini
1150670,Sorcerer Lord
1150820,Delphyq
1152830,BounceBall3D
1157100,Starazius
1159590,Lost In Dungeon
1160560,Galmon Folklore ~Monster Girl Galore!~
1163490,Gangsters 1920
1164350,Anime Otaku Girl 二次元宅女
1164520,The Book Of Yorle: Save The Church
1164760,Vugluskr: Zombie Rampage
1167800,Exphelius: Arena
1168990,Planet destroyer
1171950,Dragon Little Fighters 2
1175180,妈妈，别走
1176090,Adventure Galaxy
1177300,Space zone defender
1180840,SoulfulLand
1187670,Holo Views
1193200,K37-D
1193350,生物知识格斗大赛
1195450,HABITKING RPG
1198890,Remuage - MeltySensation
1200060,乔乔的铁拳 Joe's Fists
1204480,Candera: The Forgotten Realm
1205800,Hexon
1208470,Foxfall
1210260,Purgatory Overkill
1211060,Mission:Amazing
1214320,Frog X Log
1215720,Hero's Journey
1219310,欢乐逗病毒TD
1220580,Sky Pirates of Actorius
1223200,Cardsweeper
1224650,Super Arcade Boy in Goodbye Greenies
1226420,The Tide Intro
1227580,Trasta
1228920,Invaden
1233460,Star Escape
1234360,CanCan the Game
1235920,SwordBall
1236320,Phalanx of Resistance
1237670,Anti Air
1237700,Building the Universe: The Beginning of Time
1238340,Terra Lander II - Rockslide Rescue
1239400,Death courier
1241180,降神战役 -A Story of the usurpers-
1241810,Bowmen
1242730,双子树 TwinTrees
1246650,Réel Futur
1249620,"Adventures of JQ Jones: ""Isle of the Serpent Empress"""
1253030,Cubecois
1253460,Colouration
1256480,A Siren's Call  VR: Legacy ( A VR Short Story)
1256550,Marshmallow Tank
1256850,Audio Drive 2 VR
1257720,Help Me Now
1258290,Fantasy Memory Card Game
1258410,Shinobi no Okite/The three female ninjas
1258930,"The Sunset that day, あの日見た夕陽"
1259660,NETABOKU -A robot girl changes my life as a bedridden boy-
1260240,30 days of plague
1260920,Spirit of Adventure
1268730,Impulse Control
1269110,勇者的十日人生
1269930,Frag Grounds
1270420,Box Nation [] Lets Go Build and Fight
1272470,Alien:Chip
1274190,Southern cross Battle force
1274340,ColorsInvasion
1274850,The Sickle Upon Sekigahara
1276060,Fingertips  mountain  sea
1276090,Creator Adventure Legend
1276170,Pandemic Panic!
1276850,Kane's Shadow
1277290,C-TAS: A Virtual Chinese Learning Game
1277360,异界大陆
1278930,Math Puzzle Alpha Challenge
1282240,泡泡三国
1282740,CNDL
1283620,Run!!!
1283720,Cube Miners
1284740,不思議の鎮守府
1287180,Squares
1291470,Robot Paradise VR
1291990,Magic Forms
1293430,Space Junk
1293950,Masquerade of Miasma
1294340,Wonhon: A Vengeful Spirit
1298390,Rubble Bubble
1299660,WiP
1299720,Les Manley in: Search for the King
1300140,HereticOS MR Lab
1300180,The Cubedex of Brass and Wood
1300790,Dayscream
1303160,Dig Bombers
1303210,Small Ball
1303270,Ungeon
1304100,The Adventures of Fatman: Intergalactic Indigestion
1304790,罗马之链
1305610,Cosmodome
1310770,Valiantia
1311930,Robot Invasion
1312160,Astro Dash
1313330,HEDE Game Engine
1315900,3d Maze In Space
1320110,The Adventurer - Episode 2: New Dreams
1321110,MonsterTerritory
1323190,Sbeve
1323580,Buddy's Creative Quest!
1324730,Steam revolution VR
1326710,TIGER GAME ASSETS
1331410,Rogue Bots
1334120,Goblin Rush
1335600,Tiny T
1337170,Lords of the Shattered Kingdom
1339810,Slimey Champions
1340730,Oath
1342180,Bugz!
1342280,Story in the Dream World 2 –Water Gods and Spirits–
1342640,Relic Guardians: Complete
1343110,Realms of Eternity
1343330,Xendless
1343510,Karakia Shooter
1344340,GALSAD - Galactic Salvage and Disposal
1344760,Night Rogue
1344930,MagVigor
1345050,Wotheguel
1345830,迷宫：消灭机器人
1347490,箱庭小相撲
1347710,Sink
1348880,Restricted Area
1350470,Impossible Target
1351720,Sharks of Mars: Prologue
1352530,Ronald's Run
1352590,Requiem Aeternam Eden
1353130,Hoplichess
1353860,Robo Terror
1354080,The Horrors at Castle Wülhein
1354270,Match Match Mania!
1354420,The protectors of Deya
1355300,Swallow The Blue
1356380,Pendelum
1356470,The Rooster's Chess
1357540,Altered Destiny
1358050,Sanatorium «Anthropocene Retreat»
1358100,Directional Isolation VR
1358430,War War
1358650,Queen's Conquest
1360130,Power of the Ancients
1360280,CATMAN-GIMMICK ACTION GAME-
1360890,JUST A GAME
1361050,DeRailed
1361100,两体
1361430,Magical Stock Princess
1363020,100-Level Dungeon
1363650,Dungeon Display
1364150,Hide and Shoot
1364360,Last Space Mission
1365680,Insulated at the bottom
1366000,Dream Of Salmon
1366160,Top Billiards
1366270,Primal Carnage: Extinction - Workshop Tool
1367160,Wetlands
1367170,Planet's Edge
1368000,Secret Agent Allan Martin in ... Phoenix Erupting
1368560,Rogue Randy
1368830,回纹战棋
1368970,Rover Mechanic Challenge - ERC Competition
1369410,Dream Stone 2
1369570,Spirit Messages
1369830,Kaiju Krashers
1370560,Brash Monster Simulator
1371350,Solenars Edge II: Champions
1372260,Watch Your Helmet
1372580,Planet Zeta
1372670,86
1373230,Portals World
1374410,TCSTRIKERS2
1374590,Monsterwolf
1374740,Isolated Life
1376020,BattleMaster
1376030,DEV Bloodline
1376140,CounterBlocks
1376470,Hunted
1377160,Enlightened Sentinel
1378390,Endurance - space action
1378820,Escaping Hell
1379320,Anime Play Life: Unlimited
1379590,Adventures in Morality: An Interactive Case Study
1379980,Unscripted
1381360,Lair Hockey
1382350,The Beast of Stormy Forest
1382670,FIRE  TRUMP - Air Combat VR
1382870,World War Academy: COMMANDER 1
1383920,Shattering Obsidian
1384840,XOL
1384990,魔法考核冒险
1385180,Kings0
1385570,Fateholder Quest
1386110,Xentron Attack
1387950,Crossroads of Helmia
1388310,Tumbled
1388670,Modern Puzzle
1389410,Record of Battle 3D Maiden Wars
1389420,Luise and Secret Basement Rooms
1389430,Trash Can Dungeon - Battle Against The ZOO
1389540,Wesprau Senki
1389740,Accel Magician Mimi
1391940,DogFight
1392750,Lost Patrol
1393220,Electrify
1393960,Battle Command
1394570,Pass to Hell
1397690,Riot At World
1399040,This Is Not Chess
1399150,"VR Time Machine Travelling in ancient civilizations: Mayan Kingdom, Inca Empire, Indians, and Aztecs before conquest A.D.1000"
1399160,御剑飞行射击训练空间
1399400,VR historical journey to the Buddhist civilizations: VR ancient India and Asia
1399460,Museum Of Extravagance
1400680,Impossible Mission II
1401360,Friendly Find
1402700,Red Falcon
1403230,Penny RPG: Shadows of the Lost - A Blood City Tale
1404750,Mind Muscle VR
1405960,VR Travelling in 18th-19th Century Europe
1405980,"Astronomy Lab on PC: Relativity, Lunar Landing, Space Flight, and Interstellar Travelling"
1408420,Ancient Worlds: Egypt
1409250,Harmless Demons
1409810,月之泪 ～ Tears of Luna
1411410,Paddle Combat
1411710,Forklift & Box
1411940,Silence in the Dark
1413260,Traveler of Artcaster
1413490,Tower of Mice
1414920,Knightmare
1415110,Second Chance
1415580,Heart World
1417400,Escape Dinosaur Island
1417450,Grilled
1417680,Damien
1419200,Way Walkers: University 2
1419760,Zombie's Cool
1421610,DEUS EX MACHINA: Episode 1
1422980,Structura
1423010,Zephyr
1423410,Zone of Death
1423420,Sublunar
1424120,Synth Swinger
1424190,Curious Alice
1425790,刺沙
1427150,The Episodic
1427540,Attack from Planet Smiley
1428570,Godland : The Fire Quest
1428630,Diamond hunt
1429700,ARCADEON VR
1430070,Too Different
1431470,Mythos Ever After: A Cthulhu Dating Sim
1432730,911 Emergency Manager
1433040,Dragon Fury VR
1433910,Dragu's Puzzle Adventure
1434160,My Empire
1434470,RagDoll MadDoll
1434780,Tech Madness
1436280,Plan Z
1436440,Sleeper Cell
1437020,Monster Seek Ep.1
1437210,Bring Back The Sun by Daniel da Silva
1438710,Modern Arena
1439550,Vagrant Sword
1440330,In It Together
1440680,SIDE
1441850,The strangest game in the world
1443030,ChronoTecture: The Eprologue
1443500,Frog's Princess
1443810,Round 99
1444700,Zen! Slider
1445050,Keywords of A Life
1445890,Lithoi - Trials of Memory
1446180,Leak Elite
1447020,Vortex Escape
1447140,Lost & Round
1447160,Difficult Platformer Game
1447830,battleMETAL
1448070,KosmoSquad
1449580,The Gurion Mountains
1450750,Deva｜The Haunted Game
1450790,Crazy Wheels
1451860,Cyber Badminton 2020
1454320,LabRat
1455360,Virtual Studio
1456720,Into the Abyss
1456870,Stress Random
1456880,ElecHead
1457920,VITATIO 3
1458330,Mythlands: Flappy Dragon
1460710,Updive
1461190,jetPIN
1462680,Asdivine Cross
1463030,Jump With Dragons
1464420,Tower
1464650,Planet Cracker
1464840,Monolith
1465160,Lantern Light VR
1465400,Kaverini Nuuk Adventures
1466030,Pamir Saga
1466300,Stack Defense
1467360,"Shotgun, Dungeons, Laser Traps"
1469330,Unlimited Fight
1470130,Dominate Square
1470660,Amborettio
1470870,Because its hot! - Why pizza? PROLOGUE
1471000,Nevermore - Documentary Kinetic Novel
1472330,NOMAD Revisited
1473640,Space Nations - Battlearena
1476720,Retro Run
1476940,Skinwalkers
1477120,REVENGER
1477320,Warring States
1477450,一人之下之寻炁迷踪
1477850,Millennium Atoll
1478480,Fizik
1480190,Salyut π
1480210,The Garden of Orilon
1480260,Rathe: The Beginning
1481070,Max Raider
1481430,"No Sushi, No Life"
1482790,ZooSim
1483600,逢魔之時
1486870,Hiddenverse: Ominous Opus
1487160,Ultimate Battle
1488040,EPEJSODION Dodgeball Speed
1488420,Wind from city
1489020,Eternal Secret
1490330,Content Creator's Internet Adventure
1491290,Discover
1492930,IMUGI
1493660,Spiky
1494100,VIRTUAL SOLDIERS
1494320,JEI VR
1495260,Fly The Cloud
1495800,Moon Defence
1495910,Omega Blade
1496510,Pack Per Duck
1498790,Black Lazar
1499860,Fast Wings
1501110,Aim: Warmup
1501470,tanxy
1501640,Fallen Rebellion
1501760,Rogun Arena
1502160,FAUN AIR -フォーンアイル-
1502250,Dragonborne
1505830,Evil Shogun
1506630,Minicraft Shooter
1507890,The Demon Rush: Legends Corrupt
1509010,Curiosaurios Club. Un viaje espacial
1509630,During Before And After COVID-19
1510900,Pilfered Liberty
1512370,Furry Shakespeare: Dreamin' of One Lazy Dead Midsummer
1512520,4096
1512730,Relax It's Aqua
1512800,Mars Quest
1513240,Lonza the Bounty Hunter
1513390,夏日的回忆
1513650,Gun Bots
1514190,This rain will never end - noir adventure detective
1514300,The Tower Of TigerQiuQiu 2
1515750,Star Squadron: Student Driver
1515930,Wild Workshop
1516960,Flying Frags World Tour
1518990,Degradation(Alpha)
1519610,Assau!t
1520570,DreamCatcher: Reflections Volume 1
1520690,Die Rangliste
1521780,Ruin
1523130,神启神落
1523630,World of Fantasy: Zero
1524160,孙美琪疑案 第四季
1525540,Double world. cave song castle
1526020,Bullet Time
1526190,Mysteries of Shaola: The Cave
1527710,Earth Elements
1529440,Bomb Escape
1530120,You Must Survive
1530180,孙美琪疑案 第五季
1532300,Sugar Story
1532680,The Damathos Clan
1533520,VR Black Hole Travel Hypothesis
1534430,Play The Fox
1534900,VR Guardians
1535240,Sonucido: The Mage - A Dungeon Crawler by Daniel da Silva
1535790,Sword of Hypotenuse
1537960,Click and Relax
1541110,Demon Zombie Outpost
1541670,Giant Blobs From Mars
1542000,Thearchy
1542330,Assimilation X
1542450,Kosmonavtes: Academy Escape
1542980,Siege of the Swine
1543620,Paintings Jigsaw Puzzles
1546630,Tank War Nexus
1547990,Vivian's Kurse
1550050,Raptors of SouthEdge
1550800,Omega-Altro
1551820,Twin Mind: Murderous Jealousy Collector's Edition
1553530,Allan
1555290,Hormone Wars - Tower Defense
1558740,Planetary Defense
1559040,Project Elysium
1561600,Coeus Plan
1562340,TraxWorld
1562440,SunSenSim
1563110,boom faster
1564080,ADD
1565150,Maya's Dice
1565180,Insanium
1565800,Tower Attack
1566590,Pilot's Misadventures
1567680,Cosmic Tank
1567870,KingdomDefense
1567960,Chronicles of Elmyra
1568060,Killer 19
1568440,Sands of Fire
1568450,Search for the Titanic
1573070,Endless Furry Blackjack
1573710,Monster In The Dark
1575900,Old Stories: Fireheart
1576140,2002XX
1576470,Memento Vivere
1576900,Spirit Bounce
1578070,Fish Feast
1579800,Hundreds of Mysteries:Wendy's Home2
1580890,Save The Heart Planet
1581200,Enemy Engaged 2: Desert Operations
1583060,POPOP!
1583130,Replicators Defence
1583780,Dragon Hunters
1583840,R-Naught
1584770,Green Phoenix
1585040,Death Upon Us
1586010,Dream Catchers
1586330,WeeRPG
1586570,24世纪后
1587390,Network
1588300,Tower Alchemy
1589830,Lords of the Darkreign
1589860,MAYBE I CAN
1590970,Woebegone Woods
1591850,Wednesday Basketball
1597160,SpiderPunks
1597670,Astralis
1598020,Warspace
1599220,League Space
1605640,Empower
1605950,SpaceShips
1607740,Mecha Tactics
1607820,Ele-Mental
1608010,Unchosen: Forsaken
1608740,Darkness Arrives
1612150,Forgotten Forest: Eye of the Great One
1612980,VR Game Station
1614020,Yokai Taiji
1617200,Santa Soccer
1617800,Kin's Chronicle (Development Halted)
1619450,Heart of a Warrior
1621210,Nemithia - Tale of the Legendary Saviors
1623320,Little Big Guy
1623370,Ohio John: Get Out!
1625130,Orbit-X
1626480,Slime Labs
1626710,Ray Attack
1627130,Shadoworlds
1627140,Sabre Team
1627280,Operation: VICUS
1627560,JIGOKU UNKO
1628370,Lipstick Assassin
1629160,Peg Solitaire
1629480,The Last Dance Saloon
1630640,Ichth.ys
1633930,SEN.TUR.
1634540,Children's Jigsaw Puzzles - Beautifully Illustrated
1637700,Infiltration: Alone in Combat
1641060,Castles & Catapults
1641330,Tree Strike
1643460,たたかえ！ハルモニア音楽隊
1644390,HyperFeat
1646240,FukTopia 2
1646880,Rumble Runners
1647050,Arcade Boy
1647430,Black Mansion
1649900,什么找茬
1650680,To Kill A King
1652990,HABITAT: Race To Mars
1655720,Baseball Adventure
1655910,World Legends
1658740,Zyconix
1660580,Invasion: Neo Earth
1662990,Explosiver
1663140,女孩与七匹狼
1666430,Candy land
1666600,The Dragon Apprentice
1668130,orbit.industries
1671440,Cliché Adventure
1672360,Second Samurai
1677630,In Space No One Can Hear You Clean
1678060,Tactical Vanguard Saga
1678590,Missing Love
1679060,NMDC
1679800,Get Tanked!
1680070,Casual Golf
1680260,Dead-End Detective: The Sixpence Strangler
1680440,Sin-Cay
1684240,Metal Faith
1685020,Cat Attack
1685260,Asdivine Saga
1686680,The Witch Eye
1687280,Starfighter Aces
1692080,SVFI
1692850,Historic Fighters
1693140,ONCE IN MY HEAD
1693460,KILLER
1694320,Nilia
1694970,Jude
1695040,Cupid's Palace
1697250,Brick People
1697630,DROPTCH
1700840,Tales from Ahrum
1703030,The Key of Rednow
1703040,Decision in the Desert
1703060,Conflict in Vietnam
1706720,Adventurers Guild
1706980,Bookstore Simulator
1707890,Bacteria Wars
1708290,灵异AE
1709090,Candy gun
1712490,Station 17
1713410,Metal Golem: First Contact
1713550,Star Witch
1714280,Queen of Zarkov
1716140,Above the Skies
1716150,Fated Blade
1717800,Gladiator of sparta
1718740,Space Battle SVF
1719200,Tar Alterra Adventure Game
1720980,SILO27: Crashlanded
1721910,CABOUS
1722580,Alien Colosseum
1724410,Raster Prime [REMIX]
1724420,Ultra Thunderball
1724510,Detective Gman
1726180,Old Gods
1726450,Flyland Wars: 2 Not Yours Mine
1727260,Puzzle Fever
1728770,Penguin Quest
1728960,Evolution of War
1730630,The Dawning Clocks Of Time
1731490,Alien Hunt
1734330,POWERTRIP
1734350,Chronomaster
1735940,FlightChess
1739910,Seaside Driving
1740070,Heliopedia
1740180,Bombs Away
1741620,Spirit and Katana
1743140,"I, W.O.M.A.N."
1745880,Zippo
1749710,Legends of Murder Collection
1750320,Last Genesis
1750690,Last Defenders
1751160,Failling Capsule
1753690,Faye: A Tale of Shadow
1753730,The 8 Sins: New Hell Order
1754390,Mystery Trackers: Train to Hellswich Collector's Edition
1755110,Warlocks Entanglement
1756550,Code.Breaker()
1757360,Shifting Dungeon
1757400,The Last Will
1758050,LineVox 2: Forward to the Past
1760420,ENOH
1762390,HeroBattle
1764910,Spooky Horror Game
1765980,Miasma 2: Freedom Uprising
1766270,Join Rush Attack / 加入突袭
1766310,Splodge Royale
1768480,ASTRA
1769730,Connection
1770630,Fear in The Modern House - CH3
1773390,The Northern Gate : Special agent
1775150,Space Depression
1776860,Tank Sudoku
1779590,Project Runner
1782030,Universal Enemies
1784160,Ilum
1790560,Chronicles of Deeps
1791300,Protect The Treasure
1795830,2021
1797380,7 Days Of Rose
1798150,Burning Faith
1798470,Toy Kingdom 3
1798880,Corridors
1799580,Date of death: origin
1800030,Normal SHMUP
1801190,The Shattered Elements Arena
1804370,Airball
1804570,RED OPS ARCADE
1806460,FirePuzzle - Save the House
1807370,Maverta City
1808140,Space Waves
1809380,Station-Z
1809420,Shankaram: CODE REBORN
1810620,Magnet Crusher
1811520,Bounty Hunters
1811780,Throne And Crown
1812140,Magnificent-1
1812440,Polygon Hunter
1814800,Sabotage 1.0
1819770,Shooter's Island
1821490,Future Tanks Area
1825990,Unidentified
1827840,LunaQuest
1828010,Deadly Nightmare
1829250,The Wizardz Dungeon
1830260,Mystical Riddles: Snowy Peak Hotel Collector's Edition
1831780,HYPERJUSTICE
1832370,Charades Movie One
1832700,Diamond Hands Arena
1836890,Blaster Alert
1838670,The Paribneur Combination
1839600,Pirate's Gold
1841220,The Devils - A Visual Novel Of WWII
1842930,Mother Stone
1843270,Reef Rivals
1845480,Connected Hearts: The Full Moon Curse Collector's Edition
1847500,Rising of the Moon - Part 1
1848970,Project Valkyrie
1851630,Man of Sterling Quality
1853850,A lost jellyfish: Return to its parents
1854890,Kill To Live
1855040,Deja Vu
1855340,Birth Patrol
1856890,Zhazari VR
1857870,Space Demon Combat Tactics III
1859870,执剑九霄
1860040,Samurai Tactics
1865890,Creature Hunter
1869090,Witches of the Fourth Multiplayer
1871600,The Great War of Jorth
1873080,Datascape
1874380,Karolina
1875710,PARACHUTER
1877330,NEXT DOOR - An Eternal World
1877360,Mars Rover Simulator
1878710,Crowd Sign: Emission
1881460,admeowture
1883230,Clive vs Hives 2
1884050,Annual Intruders 2.0
1886600,Trapped in the Forest
1888120,Crypchania
1889760,Maze Of Realities: Flower Of Discord Collector's Edition
1892430,VillageBlade
1893210,Find The Murderer 2
1896190,Apocalyptic
1897410,The Thief
1898550,Brutal Rifters
1903220,Paint To Pixel
1903280,Heroes of The Sacred Tree
1904310,Go Ace It
1906670,Chimeras: Mark of Death Collector's Edition
1906680,Surface: Strings of Fate Collector's Edition
1907020,Nea Edem
1909370,Just Power: The Papal States
1911420,Search and Rescue
1911640,Mana Chess
1914700,Elteria Hunter
1915700,Immortal Love: True Treasure Collector's Edition
1916240,遗落迷途lost  in tomorrow
1922530,Frontier Fortress - Tower Defense
1923920,Base Craft: Desolate Survival
1925710,Mirror Spirits
1926820,BURNER
1929550,"Stranger Danger or Horror, Quest and Magic"
1930360,Fever Dream
1931050,CyberScope
1933330,Tales from the Crossing: The Captain's Chair
1937980,DUST - A Post Apocalyptic RPG
1942360,Breakers World
1942580,Find And Kill The Evil King
1944520,S E V E R A N C E
1947270,Zom Tom
1948280,Stacklands
1948930,Ambitious
1953220,Gem Tower Defense 2
1955990,RogueStone
1956140,A HAUNTED HISTORY
1956830,[Chilla's Art] The Bathhouse | 地獄銭湯♨️
1957240,Hacker Man
1957560,Spyer
1957750,Minarchy: Active Shooter
1964990,Galactic Explorers
1966610,HRS: devil game I
1968500,Super Asqr
1969230,Tirsy's Tale
1969930,Decisive Strike
1975860,Drift Type C
1976590,Eternal Space
1978180,Charlotte: Dragon Slayer
1978890,Cartographer
1978900,Defying Fate
1980600,Dueledged
1981530,StressTest
1984630,Gone
1984890,The Golden Time in high school
1987040,Jim The Spy
1987110,虚幻宇宙：重启
1988050,CAVE VR
1990400,Tales of Agaris
1993140,Shooting girl
1994510,Upirja
1999120,Heroes of Time 2 - Aizack's Return
2000000,Round Table
2000190,SSS222: HyperSpace
2001360,Mystical Riddles: Behind Doll’s Eyes Collector's Edition
2002200,Future Mirror
2003840,FarmingCat
2004520,The Chronicle
2010200,Chuhou Joutai 3: Three Nights of Scarlet Abscess
2013270,骸亡禁决：Skeleton King
2016840,Al Andalus 711: Epic history battle game
2017980,Haunted Mansion
2022190,Tower of Darkness
2023350,Non Fingo VR
2024210,Witness of the Night
2025340,GALXAGAR
2026290,Military Attack
2027860,Search 4 Bigfoot
2052270,AI WAR
2057720,Battle of Tanks
2059550,Brain Syndrome VR
2061340,Mottia - The gem hunters
2063400,Descension
2063890,Toggle Cube
2073040,Earth's Center of Gravity
2073280,INCARNAGE
2075960,Spirits Chronicles: Flower Of Hope Collector's Edition
2078600,Afterslave
2086580,Hiddens Awakening
2091840,Planetary Defense: An Orbital Turret Defense System
2092010,Attack of the Trafalas
2093110,Sharp Eyed
2097200,AntiShatter
2099610,Tales of Tarium: Awakening from the Ashes
2101340,Maze Of Realities: Reflection Of Light Collector's Edition
2101690,Space Voyage: The Puzzle Game
2102080,Spacetime Dimension
2105140,The Packages
2114860,Gumnaam
2115710,Necropolis of the Angels
2119700,Cyber Tetris
2122770,Kings and Catapults
2124790,Sir Questionnaire
2126500,WWII Tanks: Forgotten Battles
2127590,Lost In The Backrooms
2128400,Code:29
2128610,The Blood Amulet
2128970,Nightmare Hunter
2128990,Gold Of Lotusland
2132510,32 in 1 Game Special
2138910,Athereon: Advent I
2139100,Morbid
2140180,Fright Knight Legend
2144120,Strength & Virtue: Lord of Midchester
2145740,Dancing Pandas
2147310,PermaNight
2155460,Orbital Clash
2163600,Tomb of the Dead
2165300,Africa Empire 2027
2166310,Bones of Halloween
2167100,To the earth
2167660,Brisk Square
2171350,骑士与工匠 Knights and Craftsmen
2173810,Listen Me
2176540,Daemonum
2179470,Rocket Inc
2179650,SPACE DUDES vs ALIEN DUDES
2185490,奇克八号盲目发射 Blind No.8 Chick Shoot
2186740,Darkness Reborn
2187190,Poly Shoot
2196100,Barren Depths
2196150,Castle Defense Battles
2196320,Space Yugoslav 2D
2196370,Cherry Lady
2197600,Chess Royale
2199440,My Heart Your Soul
2205100,七星探偵倶楽部~黄金虫たちの帰巣~
2208730,Raiders of Ruin
2209710,Skybox
2220040,Eye of D'akess
2221740,VataZombie
2225500,Contract Bridge Solo
2227500,Dig Down
2231490,Squared
2237010,ThanksKilling Day
2238810,《乱步馆》-断崖 -Precipice
